Categoria,Subcategoria,Descrição
Papelaria e Escritório,Agendas e Planners,Agendas 2026
Papelaria e Escritório,Agendas e Planners,Agendas 2027
Papelaria e Escritório,Agendas e Planners,Agendas e Planners Permanentes
Papelaria e Escritório,Alfinetes e Clipes,Alfinetes de costura
Papelaria e Escritório,Alfinetes e Clipes,Alfinetes de segurança
Papelaria e Escritório,Alfinetes e Clipes,Alfinetes Mapa
Papelaria e Escritório,Alfinetes e Clipes,Clipes coloridos
Papelaria e Escritório,Alfinetes e Clipes,Clipes galvanizados
Papelaria e Escritório,Alfinetes e Clipes,Clipes niquelados
Papelaria e Escritório,Almofadas e Carimbos,Almofada para carimbo (nº 2)
Papelaria e Escritório,Almofadas e Carimbos,Almofada para carimbo (nº 3)
Papelaria e Escritório,Almofadas e Carimbos,Almofada para carimbo (nº 4)
Papelaria e Escritório,Almofadas e Carimbos,Almofada para carimbo (nº 5)
Papelaria e Escritório,Almofadas e Carimbos,Carimbo autoentintado
Papelaria e Escritório,Almofadas e Carimbos,Carimbo pedagógico
Papelaria e Escritório,Apagadores,Apagador para quadro branco
Papelaria e Escritório,Apagadores,Apagador para quadro escolar
Papelaria e Escritório,Blocos,Bloco de anotações
Papelaria e Escritório,Blocos,Bloco de recado autoadesivo
Papelaria e Escritório,Blocos,Bloco de recado Post-it
Papelaria e Escritório,Blocos,Bloco marcador de página adesivo
Papelaria e Escritório,Blocos,Bloco para carta (branco)
Papelaria e Escritório,Blocos,Bloco para rascunho
Papelaria e Escritório,Blocos,Bloco técnico com margem
Papelaria e Escritório,Blocos,Bloco técnico sem margem
Papelaria e Escritório,Bolsas e Malas,Bolsa carteiro
Papelaria e Escritório,Bolsas e Malas,Bolsa executiva
Papelaria e Escritório,Bolsas e Malas,Bolsa feminina
Papelaria e Escritório,Bolsas e Malas,Bolsa térmica
Papelaria e Escritório,Bolsas e Malas,Mala de viagem
Papelaria e Escritório,Borrachas e Elásticos,Borracha branca
Papelaria e Escritório,Borrachas e Elásticos,Borracha colorida
Papelaria e Escritório,Borrachas e Elásticos,Borracha decorada
Papelaria e Escritório,Borrachas e Elásticos,Borracha para lápis
Papelaria e Escritório,Borrachas e Elásticos,Elástico amarelo
Papelaria e Escritório,Borrachas e Elásticos,Elástico colorido
Papelaria e Escritório,Borrachas e Elásticos,Elástico para alimento
Papelaria e Escritório,Cadernos e Cadernetas,Caderneta 1/8
Papelaria e Escritório,Cadernos e Cadernetas,Caderneta espiral capa dura
Papelaria e Escritório,Cadernos e Cadernetas,Caderno 10x1 capa dura
Papelaria e Escritório,Cadernos e Cadernetas,Caderno 12x1 capa dura
Papelaria e Escritório,Cadernos e Cadernetas,Caderno 15x1 capa dura
Papelaria e Escritório,Cadernos e Cadernetas,Caderno 1x1 capa dura
Papelaria e Escritório,Cadernos e Cadernetas,Caderno 1x1 flexível
Papelaria e Escritório,Cadernos e Cadernetas,Caderno A5
Papelaria e Escritório,Cadernos e Cadernetas,Caderno argolado
Papelaria e Escritório,Cadernos e Cadernetas,Caderno brochura 1/4
Papelaria e Escritório,Cadernos e Cadernetas,Caderno brochurão
Papelaria e Escritório,Cadernos e Cadernetas,Caderno Criativo
Papelaria e Escritório,Cadernos e Cadernetas,Caderno especial
Papelaria e Escritório,Cadernos e Cadernetas,Caderno espiral 1/4
Papelaria e Escritório,Cadernos e Cadernetas,Caderno Inteligente (diversos modelos)
Papelaria e Escritório,Cadernos e Cadernetas,Caderno para desenho
Papelaria e Escritório,Cadernos e Cadernetas,Caderno para música
Papelaria e Escritório,Cadernos e Cadernetas,Caderno quadriculado
Papelaria e Escritório,Calculadoras,Calculadora científica
Papelaria e Escritório,Calculadoras,Calculadora de bolso
Papelaria e Escritório,Calculadoras,Calculadora de impressão
Papelaria e Escritório,Calculadoras,Calculadora de mesa
Papelaria e Escritório,Calculadoras,Calculadora financeira
Papelaria e Escritório,Canetas e Corretivos,Caneta apagável
Papelaria e Escritório,Canetas e Corretivos,Caneta com ponta porosa
Papelaria e Escritório,Canetas e Corretivos,Caneta corretiva
Papelaria e Escritório,Canetas e Corretivos,Caneta esferográfica
Papelaria e Escritório,Canetas e Corretivos,Caneta esferográfica retrátil
Papelaria e Escritório,Canetas e Corretivos,Caneta gel
Papelaria e Escritório,Canetas e Corretivos,Caneta hidrográfica
Papelaria e Escritório,Canetas e Corretivos,Caneta hidrográfica jumbo
Papelaria e Escritório,Canetas e Corretivos,Caneta marca texto
Papelaria e Escritório,Canetas e Corretivos,Caneta marca texto gel
Papelaria e Escritório,Canetas e Corretivos,Caneta nanquim
Papelaria e Escritório,Canetas e Corretivos,Caneta para retroprojetor
Papelaria e Escritório,Canetas e Corretivos,Caneta para tecido
Papelaria e Escritório,Canetas e Corretivos,Caneta Stabilo
Papelaria e Escritório,Canetas e Corretivos,Caneta técnica
Papelaria e Escritório,Canetas e Corretivos,Corretivo
Papelaria e Escritório,Canetas e Corretivos,Corretivo em fita
Papelaria e Escritório,Cartão de Visita,Cartão de visita
Papelaria e Escritório,Cartão de Visita,Cartão magnético
Papelaria e Escritório,Colas,Cola adesivo instantâneo
Papelaria e Escritório,Colas,Cola bastão em caneta
Papelaria e Escritório,Colas,Cola com glitter
Papelaria e Escritório,Colas,Cola de alta resistência
Papelaria e Escritório,Colas,Cola em bastão
Papelaria e Escritório,Colas,Cola em fita
Papelaria e Escritório,Colas,Cola escolar
Papelaria e Escritório,Colas,Cola escolar colorida
Papelaria e Escritório,Colas,Cola para artesanato
Papelaria e Escritório,Colas,Cola para isopor
Papelaria e Escritório,Colas,Cola para madeira
Papelaria e Escritório,Colas,Cola spray
Papelaria e Escritório,Colas,Cola quente (refil)
Papelaria e Escritório,Crachás e Cordões,Crachá com cordão
Papelaria e Escritório,Crachás e Cordões,Crachá com presilha
Papelaria e Escritório,Crachás e Cordões,Crachá sem presilha
Papelaria e Escritório,Crachás e Cordões,Crachá automotivo
Papelaria e Escritório,Crachás e Cordões,Cordão cetim
Papelaria e Escritório,Crachás e Cordões,Cordão para crachá
Papelaria e Escritório,Crachás e Cordões,Cordão trançado
Papelaria e Escritório,Dicionários,Dicionário espanhol
Papelaria e Escritório,Dicionários,Dicionário inglês
Papelaria e Escritório,Dicionários,Dicionário português
Papelaria e Escritório,Dicionários,Dicionário Mini (diversos idiomas)
Papelaria e Escritório,Embalagem,Embalagem para alimentos
Papelaria e Escritório,Embalagem,Embalagem para doce
Papelaria e Escritório,Embalagem,Embalagem para e-commerce
Papelaria e Escritório,Embalagem,Embalagem para panetone
Papelaria e Escritório,Embalagem,Embalagem para presente
Papelaria e Escritório,Encadernação e Plastificação,Fita adesiva
Papelaria e Escritório,Encadernação e Plastificação,Fita aramada (diversos modelos)
Papelaria e Escritório,Encadernação e Plastificação,Fita crepe
Papelaria e Escritório,Encadernação e Plastificação,Fita dupla face
Papelaria e Escritório,Encadernação e Plastificação,Fita invisível
Papelaria e Escritório,Encadernação e Plastificação,Fita isolante
Papelaria e Escritório,Encadernação e Plastificação,Plástico para encapar
Papelaria e Escritório,Encadernação e Plastificação,Plástico para plastificação
Papelaria e Escritório,Encadernação e Plastificação,Fita métrica
Papelaria e Escritório,Envelopes,Envelope bolha
Papelaria e Escritório,Envelopes,Envelope CD e DVD
Papelaria e Escritório,Envelopes,Envelope colorido (carta)
Papelaria e Escritório,Envelopes,Envelope colorido (convite)
Papelaria e Escritório,Envelopes,Envelope colorido (visita)
Papelaria e Escritório,Envelopes,Envelope comercial
Papelaria e Escritório,Envelopes,Envelope ofício
Papelaria e Escritório,Envelopes,Envelope para cartão de visita
Papelaria e Escritório,Envelopes,Envelope plástico
Papelaria e Escritório,Envelopes,Envelope saco (diversos modelos)
Papelaria e Escritório,Escolar,Massa para modelar
Papelaria e Escritório,Escolar,Risque-rabisque em PVC
Papelaria e Escritório,Escolar,Material dourado
Papelaria e Escritório,Escolar,Tabela periódica
Papelaria e Escritório,Escolar,Reforço auto-adesivo
Papelaria e Escritório,Escolar,Letra vazada
Papelaria e Escritório,Escolar,Material didático em EVA
Papelaria e Escritório,Estiletes e Lâminas,Estilete especial
Papelaria e Escritório,Estiletes e Lâminas,Estilete estreito
Papelaria e Escritório,Estiletes e Lâminas,Estilete largo
Papelaria e Escritório,Estiletes e Lâminas,Lâmina para estilete
Papelaria e Escritório,Estiletes e Lâminas,Lâmina para barbear
Papelaria e Escritório,Estojos Escolares,Estojo
Papelaria e Escritório,Estojos Escolares,Estojo box
Papelaria e Escritório,Estojos Escolares,Estojo de plástico
Papelaria e Escritório,Estojos Escolares,Estojo duplo
Papelaria e Escritório,Estojos Escolares,Estojo simples
Papelaria e Escritório,Estojos Escolares,Estojo triplo
Papelaria e Escritório,Etiquetas,Etiqueta A4
Papelaria e Escritório,Etiquetas,Etiqueta A5
Papelaria e Escritório,Etiquetas,Etiqueta adesiva
Papelaria e Escritório,Etiquetas,Etiqueta Carta
Papelaria e Escritório,Etiquetas,Etiqueta escolar
Papelaria e Escritório,Etiquetas,Etiqueta para código de barras
Papelaria e Escritório,Etiquetas,Etiqueta para preço
Papelaria e Escritório,Etiquetas,Etiqueta para presente
Papelaria e Escritório,Etiquetas,Etiqueta redonda
Papelaria e Escritório,Fichários,Fichário cartonado
Papelaria e Escritório,Fichários,Fichário com zíper
Papelaria e Escritório,Fichários,Fichário de mesa
Papelaria e Escritório,Fichários,Fichário de PP
Papelaria e Escritório,Fichários,Fichário em PVC
Papelaria e Escritório,Fichários,Fichário Mini
Papelaria e Escritório,Fichas,Ficha pautada
Papelaria e Escritório,Fichas,Ficha conta corrente
Papelaria e Escritório,Fita para Máquinas,Fita para calculadora
Papelaria e Escritório,Fita para Máquinas,Fita para máquina de escrever
Papelaria e Escritório,Fita para Máquinas,Fita para impressora
Papelaria e Escritório,Fita para Máquinas,Fita para rotulador profissional
Papelaria e Escritório,Giz,Giz de cera (curto)
Papelaria e Escritório,Giz,Giz de cera (fino)
Papelaria e Escritório,Giz,Giz de cera (jumbo)
Papelaria e Escritório,Giz,Giz escolar
Papelaria e Escritório,Giz,Giz escolar plastificado
Papelaria e Escritório,Giz,Giz líquido
Papelaria e Escritório,Giz,Giz pastel
Papelaria e Escritório,Grampeadores e Grampos,Grampeador em metal
Papelaria e Escritório,Grampeadores e Grampos,Grampeador mini
Papelaria e Escritório,Grampeadores e Grampos,Grampeador plástico
Papelaria e Escritório,Grampeadores e Grampos,Grampeador tapeceiro
Papelaria e Escritório,Grampeadores e Grampos,Grampeador alicate
Papelaria e Escritório,Grampeadores e Grampos,Grampo para grampeador
Papelaria e Escritório,Grampeadores e Grampos,Grampo trilho (metal)
Papelaria e Escritório,Grampeadores e Grampos,Grampo trilho (plástico)
Papelaria e Escritório,Lancheiras,Lancheira térmica
Papelaria e Escritório,Lápis e Apontadores,Lápis copiativo
Papelaria e Escritório,Lápis e Apontadores,Lápis de cor aquarelável
Papelaria e Escritório,Lápis e Apontadores,Lápis de cor jumbo
Papelaria e Escritório,Lápis e Apontadores,Lápis de cor redondo
Papelaria e Escritório,Lápis e Apontadores,Lápis de cor sextavado
Papelaria e Escritório,Lápis e Apontadores,Lápis dermatográfico
Papelaria e Escritório,Lápis e Apontadores,Lápis estaca
Papelaria e Escritório,Lápis e Apontadores,Lápis preto carpinteiro
Papelaria e Escritório,Lápis e Apontadores,Lápis preto jumbo
Papelaria e Escritório,Lápis e Apontadores,Lápis preto redondo
Papelaria e Escritório,Lápis e Apontadores,Lápis preto sextavado
Papelaria e Escritório,Lápis e Apontadores,Lápis preto técnico
Papelaria e Escritório,Lápis e Apontadores,Lápis preto decorado
Papelaria e Escritório,Lápis e Apontadores,Apontador com depósito
Papelaria e Escritório,Lápis e Apontadores,Apontador com depósito 2 furos
Papelaria e Escritório,Lápis e Apontadores,Apontador sem depósito
Papelaria e Escritório,Lápis e Apontadores,Apontador sem depósito metal
Papelaria e Escritório,Lápis e Apontadores,Grip ergonômico
Papelaria e Escritório,Lapiseiras e Grafites,Lapiseira 0,3 mm
Papelaria e Escritório,Lapiseiras e Grafites,Lapiseira 0,5 mm
Papelaria e Escritório,Lapiseiras e Grafites,Lapiseira 0,7 mm
Papelaria e Escritório,Lapiseiras e Grafites,Lapiseira 0,9 mm
Papelaria e Escritório,Lapiseiras e Grafites,Lapiseira 2,0 mm
Papelaria e Escritório,Lapiseiras e Grafites,Lapiseira 3,0 mm
Papelaria e Escritório,Lapiseiras e Grafites,Grafite 0,3 mm
Papelaria e Escritório,Lapiseiras e Grafites,Grafite 0,5 mm
Papelaria e Escritório,Lapiseiras e Grafites,Grafite 0,7 mm
Papelaria e Escritório,Lapiseiras e Grafites,Grafite 0,9 mm
Papelaria e Escritório,Lapiseiras e Grafites,Grafite 2,0 mm
Papelaria e Escritório,Lapiseiras e Grafites,Grafite 3,0 mm
Papelaria e Escritório,Livros e Impressos Fiscais,Livro ata capa dura
Papelaria e Escritório,Livros e Impressos Fiscais,Livro caixa
Papelaria e Escritório,Livros e Impressos Fiscais,Livro movimento caixa
Papelaria e Escritório,Livros e Impressos Fiscais,Livro ponto
Papelaria e Escritório,Livros e Impressos Fiscais,Livro protocolo de correspondência
Papelaria e Escritório,Livros e Impressos Fiscais,Livro registro
Papelaria e Escritório,Livros e Impressos Fiscais,Livro conta corrente
Papelaria e Escritório,Livros e Impressos Fiscais,Formulário contínuo branco
Papelaria e Escritório,Livros e Impressos Fiscais,Formulário contínuo impresso
Papelaria e Escritório,Livros e Impressos Fiscais,Formulário contínuo razão
Papelaria e Escritório,Livros e Impressos Fiscais,Impresso cartão de ponto
Papelaria e Escritório,Livros e Impressos Fiscais,Impresso cópia de cheque
Papelaria e Escritório,Livros e Impressos Fiscais,Impresso recibo
Papelaria e Escritório,Livros e Impressos Fiscais,Impresso requisição
Papelaria e Escritório,Livros e Impressos Fiscais,Impresso talão de pedido
Papelaria e Escritório,Livros e Impressos Fiscais,Impresso vale
Papelaria e Escritório,Livros e Impressos Fiscais,Impresso administrativo
Papelaria e Escritório,Livros e Impressos Fiscais,Impresso Previdência Social
Papelaria e Escritório,Livros Álbuns e Diários,Livro atlas
Papelaria e Escritório,Livros Álbuns e Diários,Livro aquabook
Papelaria e Escritório,Livros Álbuns e Diários,Livro aquarela
Papelaria e Escritório,Livros Álbuns e Diários,Livro brinquedo ilustrado
Papelaria e Escritório,Livros Álbuns e Diários,Livro com adesivos
Papelaria e Escritório,Livros Álbuns e Diários,Livro de atividades
Papelaria e Escritório,Livros Álbuns e Diários,Livro de caligrafia
Papelaria e Escritório,Livros Álbuns e Diários,Livro de colorir
Papelaria e Escritório,Livros Álbuns e Diários,Livro de leitura
Papelaria e Escritório,Livros Álbuns e Diários,Livro infantil ilustrado
Papelaria e Escritório,Livros Álbuns e Diários,Livro magnético infantil
Papelaria e Escritório,Livros Álbuns e Diários,Livro para banho
Papelaria e Escritório,Livros Álbuns e Diários,Livro pedagógico
Papelaria e Escritório,Livros Álbuns e Diários,Livro quebra-cabeça
Papelaria e Escritório,Livros Álbuns e Diários,Livro sonoro
Papelaria e Escritório,Livros Álbuns e Diários,Diário
Papelaria e Escritório,Mochilas,Mochila
Papelaria e Escritório,Mochilas,Mochila com rodinha
Papelaria e Escritório,Mochilas,Mochila de hidratação
Papelaria e Escritório,Mochilas,Mochila infantil
Papelaria e Escritório,Mochilas,Mochila infantil com rodinha
Papelaria e Escritório,Mochilas,Mochila para notebook
Papelaria e Escritório,Organizadores,Caixa para correspondência (dupla)
Papelaria e Escritório,Organizadores,Caixa para correspondência (simples)
Papelaria e Escritório,Organizadores,Caixa para correspondência (tripla)
Papelaria e Escritório,Organizadores,Caixa organizadora
Papelaria e Escritório,Organizadores,Arquivo móvel
Papelaria e Escritório,Organizadores,Arquivo morto papelão
Papelaria e Escritório,Organizadores,Arquivo morto polipropileno
Papelaria e Escritório,Organizadores,Organizador de gaveta
Papelaria e Escritório,Organizadores,Fichário de mesa
Papelaria e Escritório,Organizadores,Claviculário
Papelaria e Escritório,Papéis A4,Papel A4 antílope
Papelaria e Escritório,Papéis A4,Papel A4 casca de ovo
Papelaria e Escritório,Papéis A4,Papel A4 color
Papelaria e Escritório,Papéis A4,Papel A4 couchê
Papelaria e Escritório,Papéis A4,Papel A4 diplomata
Papelaria e Escritório,Papéis A4,Papel A4 Filicoat
Papelaria e Escritório,Papéis A4,Papel A4 granito
Papelaria e Escritório,Papéis A4,Papel A4 linho
Papelaria e Escritório,Papéis A4,Papel A4 metálico
Papelaria e Escritório,Papéis A4,Papel A4 perolado
Papelaria e Escritório,Papéis A4,Papel A4 pérsico
Papelaria e Escritório,Papéis A4,Papel A4 vergê
Papelaria e Escritório,Papel Carbono,Papel carbono para costura
Papelaria e Escritório,Papel Carbono,Papel carbono para lápis
Papelaria e Escritório,Papel Carbono,Papel carbono para máquina
Papelaria e Escritório,Papel Escolar,Papel almaço
Papelaria e Escritório,Papel Escolar,Papel chumbinho
Papelaria e Escritório,Papel Escolar,Papel hectográfico
Papelaria e Escritório,Papel para Artesanato,Papel cartão brilho
Papelaria e Escritório,Papel para Artesanato,Papel cartão fosco
Papelaria e Escritório,Papel para Artesanato,Papel cartolina
Papelaria e Escritório,Papel para Artesanato,Papel cartolina dupla face
Papelaria e Escritório,Papel para Artesanato,Papel cartolina laminada
Papelaria e Escritório,Papel para Artesanato,Papel celofane
Papelaria e Escritório,Papel para Artesanato,Papel crepom
Papelaria e Escritório,Papel para Artesanato,Papel crepom Super Crepe
Papelaria e Escritório,Papel para Artesanato,Papel de seda
Papelaria e Escritório,Papel para Artesanato,Papel de seda decorado
Papelaria e Escritório,Papel para Artesanato,Papel dobradura
Papelaria e Escritório,Papel para Artesanato,Papel kraft folha
Papelaria e Escritório,Papel para Artesanato,Papel kraft bobina
Papelaria e Escritório,Papel para Artesanato,Papel machê
Papelaria e Escritório,Papel para Artesanato,Papel manilha
Papelaria e Escritório,Papel para Artesanato,Papel manteiga
Papelaria e Escritório,Papel para Artesanato,Papel nacarado
Papelaria e Escritório,Papel para Artesanato,Papel Opaline
Papelaria e Escritório,Papel para Artesanato,Papel pedra folha
Papelaria e Escritório,Papel para Artesanato,Papel semi kraft folha
Papelaria e Escritório,Papel para Artesanato,Papel semi kraft bobina
Papelaria e Escritório,Papel para Artesanato,Papel vegetal
Papelaria e Escritório,Papel para Artesanato,Papel verniz espelho
Papelaria e Escritório,Papel para Embalagem,Papel para presente
Papelaria e Escritório,Papel para Embalagem,Papel para presente couchê
Papelaria e Escritório,Papel para Embalagem,Papel Paraná
Papelaria e Escritório,Papel para Impressão,Papel A3 couchê
Papelaria e Escritório,Papel para Impressão,Papel para flip-chart
Papelaria e Escritório,Papel para Impressão,Papel fotográfico inkjet
Papelaria e Escritório,Papel para Impressão,Papel fotográfico laser
Papelaria e Escritório,Papel para Impressão,Papel transfer
Papelaria e Escritório,Papel para Impressão,Transparência inkjet
Papelaria e Escritório,Papel para Impressão,Transparência laserjet
Papelaria e Escritório,Papel Sulfite,Papel sulfite A3
Papelaria e Escritório,Papel Sulfite,Papel sulfite A4
Papelaria e Escritório,Papel Sulfite,Papel sulfite A4 colorido
Papelaria e Escritório,Papel Sulfite,Papel sulfite A4 reciclado
Papelaria e Escritório,Papel Sulfite,Papel sulfite Carta
Papelaria e Escritório,Papel Sulfite,Papel sulfite Ofício 2
Papelaria e Escritório,Pastas,Pasta aba elástica papel
Papelaria e Escritório,Pastas,Pasta aba elástica plástica
Papelaria e Escritório,Pastas,Pasta catálogo
Papelaria e Escritório,Pastas,Pasta classificador rápido
Papelaria e Escritório,Pastas,Pasta com canaleta
Papelaria e Escritório,Pastas,Pasta envelope
Papelaria e Escritório,Pastas,Pasta grampo trilho papel
Papelaria e Escritório,Pastas,Pasta grampo trilho plástica
Papelaria e Escritório,Pastas,Pasta L
Papelaria e Escritório,Pastas,Pasta malote
Papelaria e Escritório,Pastas,Pasta polionda
Papelaria e Escritório,Pastas,Pasta proposta
Papelaria e Escritório,Pastas,Pasta registradora
Papelaria e Escritório,Pastas,Pasta sanfonada plástica
Papelaria e Escritório,Pastas,Pasta sanfonada papel
Papelaria e Escritório,Pastas,Pasta suspensa
Papelaria e Escritório,Pastas,Pasta suspensa marmorizada
Papelaria e Escritório,Pastas,Pasta U
Papelaria e Escritório,Percevejo,Percevejo
Papelaria e Escritório,Perfuradores,Perfurador de papel 1 furo
Papelaria e Escritório,Perfuradores,Perfurador de papel
Papelaria e Escritório,Pincel Marcador,Pincel marcador artesanato
Papelaria e Escritório,Pincel Marcador,Pincel marcador permanente
Papelaria e Escritório,Pincel Marcador,Pincel para quadro branco
Papelaria e Escritório,Placas de Sinalização,Placa de sinalização
Papelaria e Escritório,Plástico Adesivo,Plástico adesivo 45 cm x 10 m
Papelaria e Escritório,Plástico Adesivo,Plástico adesivo 45 cm x 15 m
Papelaria e Escritório,Plástico Adesivo,Plástico adesivo lousa
Papelaria e Escritório,Plástico Adesivo,Plástico adesivo transparente
Papelaria e Escritório,Plástico para Encapar,Plástico para encapar 2 m
Papelaria e Escritório,Plástico para Encapar,Plástico para encapar 25 m
Papelaria e Escritório,Porta Caneta,Porta caneta
Papelaria e Escritório,Porta Documento,Porta-documento
Papelaria e Escritório,Porta Documento,Porta-alvará
Papelaria e Escritório,Porta Documento,Protetor para documento
Papelaria e Escritório,Pranchetas,Prancheta
Papelaria e Escritório,Pranchetas,Prancheta alumínio
Papelaria e Escritório,Pranchetas,Prancheta plástica
Papelaria e Escritório,Pranchetas,Prancheta Duratex
Papelaria e Escritório,Quadros e Acessórios,Quadro branco com moldura em alumínio
Papelaria e Escritório,Quadros e Acessórios,Quadro branco com moldura em madeira
Papelaria e Escritório,Quadros e Acessórios,Quadro de aviso com moldura em alumínio
Papelaria e Escritório,Quadros e Acessórios,Quadro de aviso com moldura em madeira
Papelaria e Escritório,Quadros e Acessórios,Quadro de aviso magnético
Papelaria e Escritório,Quadros e Acessórios,Quadro decorativo
Papelaria e Escritório,Quadros e Acessórios,Quadro escolar
Papelaria e Escritório,Quadros e Acessórios,Quadro multiuso
Papelaria e Escritório,Quadros e Acessórios,Quadro planner
Papelaria e Escritório,Réguas e Conjuntos,Régua de aço
Papelaria e Escritório,Réguas e Conjuntos,Régua de alumínio
Papelaria e Escritório,Réguas e Conjuntos,Régua de madeira
Papelaria e Escritório,Réguas e Conjuntos,Régua de poliestireno
Papelaria e Escritório,Réguas e Conjuntos,Régua mole
Papelaria e Escritório,Réguas e Conjuntos,Régua plástica
Papelaria e Escritório,Réguas e Conjuntos,Esquadro
Papelaria e Escritório,Réguas e Conjuntos,Transferidor
Papelaria e Escritório,Réguas e Conjuntos,Compasso
Papelaria e Escritório,Réguas e Conjuntos,Normógrafo
Papelaria e Escritório,Réguas e Conjuntos,Escalímetro
Papelaria e Escritório,Tesouras,Tesoura
Papelaria e Escritório,Tesouras,Tesoura artesanal
Papelaria e Escritório,Tesouras,Tesoura escolar
Papelaria e Escritório,Tesouras,Tesoura escolar decorada
Papelaria e Escritório,Tesouras,Tesoura para cabeleireiro
Papelaria e Escritório,Tesouras,Tesoura para costura
Papelaria e Escritório,Tinta Escolar,Tinta acrílica
Papelaria e Escritório,Tinta Escolar,Tinta guache 15 ml
Papelaria e Escritório,Tinta Escolar,Tinta guache 250 ml
Papelaria e Escritório,Tinta Escolar,Tinta guache 500 ml
Papelaria e Escritório,Tinta Escolar,Tinta nanquim
Papelaria e Escritório,Tinta Escolar,Tinta para carimbo
Papelaria e Escritório,Tinta Escolar,Tinta para tecido
Papelaria e Escritório,Tinta Escolar,Tinta PVA
Papelaria e Escritório,Tinta Escolar,Tinta vitral
Papelaria e Escritório,Transparência,Transparência para copiadora P&B
Papelaria e Escritório,Transparência,Transparência para retroprojetor
Brinquedos,Artes e Criatividade,Artes e criatividade
Brinquedos,Bonecas e Pelúcias,Bonecas
Brinquedos,Bonecas e Pelúcias,Bonecas com mecanismo
Brinquedos,Bonecas e Pelúcias,Boneca de pelúcia
Brinquedos,Bonecas e Pelúcias,Boneca Disney
Brinquedos,Bonecas e Pelúcias,Pelúcia
Brinquedos,Bonecas e Pelúcias,Pelúcia com mecanismo
Brinquedos,Bonecos e Figuras de Ação,Boneco e personagem
Brinquedos,Bonecos e Figuras de Ação,Boneco com mecanismo
Brinquedos,Brinquedos Diversos,Brinquedo 3D
Brinquedos,Brinquedos Diversos,Brinquedo criativo
Brinquedos,Brinquedos Diversos,Brinquedo diverso
Brinquedos,Brinquedos Diversos,Brinquedo educativo
Brinquedos,Brinquedos Diversos,Brinquedo para bebê
Brinquedos,Brinquedos Diversos,Brinquedo para colorir
Brinquedos,Brinquedos Diversos,Brinquedo para montar
Brinquedos,Brinquedos Diversos,Brinquedo pedagógico
Brinquedos,Brinquedos Diversos,Brinquedo pedagógico madeira
Brinquedos,Brinquedos Diversos,Brinquedo pedagógico em EVA
Brinquedos,Carrinhos e Veículos,Carrinho
Brinquedos,Carrinhos e Veículos,Carrinho a fricção
Brinquedos,Carrinhos e Veículos,Carrinho com controle remoto
Brinquedos,Carrinhos e Veículos,Bicicleta infantil
Brinquedos,Carrinhos e Veículos,Moto
Brinquedos,Carrinhos e Veículos,Moto elétrica
Brinquedos,Carrinhos e Veículos,Bola de futebol
Brinquedos,Carrinhos e Veículos,Hot Wheels (diversos modelos)
Brinquedos,Carrinhos e Veículos,Matchbox
Brinquedos,Doces e Guloseimas,Doce
Brinquedos,Doces e Guloseimas,Bala
Brinquedos,Doces e Guloseimas,Amendoim
Brinquedos,Doces e Guloseimas,Goma de mascar
Brinquedos,Esporte e Lazer,Bola de basquete
Brinquedos,Esporte e Lazer,Bola de futebol
Brinquedos,Esporte e Lazer,Bola de vôlei
Brinquedos,Esporte e Lazer,Bola de tênis
Brinquedos,Esporte e Lazer,Bambolê
Brinquedos,Esporte e Lazer,Patins
Brinquedos,Esporte e Lazer,Patinete
Brinquedos,Esporte e Lazer,Skate
Brinquedos,Faz de Conta,Brincando de casinha
Brinquedos,Faz de Conta,Brincando de profissões
Brinquedos,Faz de Conta,Casinha de boneca
Brinquedos,Faz de Conta,Cenário temático
Brinquedos,Jogos e Quebra-Cabeças,Jogo da memória
Brinquedos,Jogos e Quebra-Cabeças,Jogo da memória em madeira
Brinquedos,Jogos e Quebra-Cabeças,Jogo de bingo
Brinquedos,Jogos e Quebra-Cabeças,Jogo de carta
Brinquedos,Jogos e Quebra-Cabeças,Jogo de tabuleiro
Brinquedos,Jogos e Quebra-Cabeças,Jogo de xadrez
Brinquedos,Jogos e Quebra-Cabeças,Jogo didático
Brinquedos,Jogos e Quebra-Cabeças,Quebra-cabeça cartonado
Brinquedos,Jogos e Quebra-Cabeças,Quebra-cabeça madeira
Brinquedos,Mattel,Hot Wheels (diversos)
Brinquedos,Mattel,Barbie (diversos modelos)
Brinquedos,Mattel,Matchbox
Brinquedos,Mattel,Fisher-Price (diversos)
Brinquedos,Mattel,Polly Pocket
Brinquedos,Mundo do Bebê,Brinquedo para bebê
Brinquedos,Mundo do Bebê,Mordedor infantil
Brinquedos,Mundo do Bebê,Mordedor e chocalho
Brinquedos,Maquiagem e Vestuário,Maquiagem e beleza infantil
Brinquedos,Maquiagem e Vestuário,Fantasia acessório
Brinquedos,Maquiagem e Vestuário,Pintura facial
